Date,Software
1/4/2010,0.99
1/5/2010,0.99
1/6/2010,1
1/7/2010,0.99
1/8/2010,0.99
1/11/2010,0.99
1/12/2010,0.99
1/13/2010,0.99
1/14/2010,0.99
1/15/2010,0.99
1/19/2010,0.99
1/20/2010,0.98
1/21/2010,0.99
1/22/2010,0.96
1/25/2010,0.96
1/26/2010,0.96
1/27/2010,0.96
1/28/2010,0.96
1/29/2010,0.97
2/1/2010,0.97
2/2/2010,0.96
2/3/2010,0.96
2/4/2010,0.96
2/5/2010,0.96
2/8/2010,0.96
2/9/2010,0.96
2/10/2010,0.97
2/11/2010,0.97
2/12/2010,0.97
2/16/2010,0.97
2/17/2010,0.97
2/18/2010,0.97
2/19/2010,0.98
2/22/2010,0.98
2/23/2010,0.98
2/24/2010,0.99
2/25/2010,0.99
2/26/2010,0.98
3/1/2010,0.98
3/2/2010,0.99
3/3/2010,0.99
3/4/2010,0.99
3/5/2010,0.99
3/8/2010,0.99
3/9/2010,0.99
3/10/2010,0.97
3/11/2010,0.97
3/12/2010,0.98
3/15/2010,0.98
3/16/2010,0.97
3/17/2010,0.97
3/18/2010,0.97
3/19/2010,0.97
3/22/2010,0.97
3/23/2010,0.96
3/24/2010,0.95
3/25/2010,0.95
3/26/2010,0.95
3/29/2010,0.94
3/30/2010,0.94
3/31/2010,0.93
4/1/2010,0.92
4/5/2010,0.94
4/6/2010,0.94
4/7/2010,0.94
4/8/2010,0.95
4/9/2010,0.95
4/12/2010,0.96
4/13/2010,0.96
4/14/2010,0.95
4/15/2010,0.95
4/16/2010,0.94
4/19/2010,0.94
4/20/2010,0.94
4/21/2010,0.94
4/22/2010,0.94
4/23/2010,0.93
4/26/2010,0.9
4/27/2010,0.9
4/28/2010,0.9
4/29/2010,0.9
4/30/2010,0.9
5/3/2010,0.9
5/4/2010,0.91
5/5/2010,0.91
5/6/2010,0.91
5/7/2010,0.91
5/10/2010,0.9
5/11/2010,0.9
5/12/2010,0.9
5/13/2010,0.9
5/14/2010,0.9
5/17/2010,0.9
5/18/2010,0.9
5/19/2010,0.9
5/20/2010,0.91
5/21/2010,0.91
5/24/2010,0.91
5/25/2010,0.91
5/26/2010,0.91
5/27/2010,0.92
5/28/2010,0.91
6/1/2010,0.92
6/2/2010,0.92
6/3/2010,0.93
6/4/2010,0.94
6/7/2010,0.94
6/8/2010,0.94
6/9/2010,0.94
6/10/2010,0.93
6/11/2010,0.94
6/14/2010,0.94
6/15/2010,0.95
6/16/2010,0.94
6/17/2010,0.94
6/18/2010,0.94
6/21/2010,0.94
6/22/2010,0.94
6/23/2010,0.94
6/24/2010,0.93
6/25/2010,0.93
6/28/2010,0.93
6/29/2010,0.94
6/30/2010,0.93
7/1/2010,0.93
7/2/2010,0.93
7/6/2010,0.93
7/7/2010,0.92
7/8/2010,0.92
7/9/2010,0.92
7/12/2010,0.92
7/13/2010,0.92
7/14/2010,0.92
7/15/2010,0.92
7/16/2010,0.92
7/19/2010,0.92
7/20/2010,0.92
7/21/2010,0.92
7/22/2010,0.93
7/23/2010,0.92
7/26/2010,0.92
7/27/2010,0.92
7/28/2010,0.92
7/29/2010,0.92
7/30/2010,0.92
8/2/2010,0.92
8/3/2010,0.92
8/4/2010,0.92
8/5/2010,0.92
8/6/2010,0.92
8/9/2010,0.92
8/10/2010,0.92
8/11/2010,0.91
8/12/2010,0.91
8/13/2010,0.91
8/16/2010,0.91
8/17/2010,0.91
8/18/2010,0.91
8/19/2010,0.91
8/20/2010,0.91
8/23/2010,0.91
8/24/2010,0.91
8/25/2010,0.91
8/26/2010,0.91
8/27/2010,0.91
8/30/2010,0.91
8/31/2010,0.91
9/1/2010,0.91
9/2/2010,0.91
9/3/2010,0.91
9/7/2010,0.9
9/8/2010,0.9
9/9/2010,0.9
9/10/2010,0.9
9/13/2010,0.91
9/14/2010,0.91
9/15/2010,0.91
9/16/2010,0.91
9/17/2010,0.91
9/20/2010,0.91
9/21/2010,0.91
9/22/2010,0.91
9/23/2010,0.91
9/24/2010,0.91
9/27/2010,0.91
9/28/2010,0.91
9/29/2010,0.91
9/30/2010,0.91
10/1/2010,0.91
10/4/2010,0.91
10/5/2010,0.91
10/6/2010,0.91
10/7/2010,0.91
10/8/2010,0.91
10/11/2010,0.91
10/12/2010,0.91
10/13/2010,0.91
10/14/2010,0.92
10/15/2010,0.91
10/18/2010,0.92
10/19/2010,0.92
10/20/2010,0.92
10/21/2010,0.92
10/22/2010,0.92
10/25/2010,0.92
10/26/2010,0.92
10/27/2010,0.92
10/28/2010,0.92
10/29/2010,0.92
11/1/2010,0.92
11/2/2010,0.92
11/3/2010,0.92
11/4/2010,0.92
11/5/2010,0.92
11/8/2010,0.92
11/9/2010,0.92
11/10/2010,0.92
11/11/2010,0.92
11/12/2010,0.92
11/15/2010,0.92
11/16/2010,0.92
11/17/2010,0.92
11/18/2010,0.92
11/19/2010,0.92
11/22/2010,0.92
11/23/2010,0.92
11/24/2010,0.92
11/26/2010,0.92
11/29/2010,0.92
11/30/2010,0.92
12/1/2010,0.92
12/2/2010,0.92
12/3/2010,0.92
12/6/2010,0.92
12/7/2010,0.92
12/8/2010,0.92
12/9/2010,0.92
12/10/2010,0.92
12/13/2010,0.92
12/14/2010,0.92
12/15/2010,0.92
12/16/2010,0.92
12/17/2010,0.92
12/20/2010,0.92
12/21/2010,0.92
12/22/2010,0.92
12/23/2010,0.92
12/27/2010,0.92
12/28/2010,0.92
12/29/2010,0.92
12/30/2010,0.92
12/31/2010,0.92
1/3/2011,0.92
1/4/2011,0.92
1/5/2011,0.92
1/6/2011,0.92
1/7/2011,0.92
1/10/2011,0.92
1/11/2011,0.92
1/12/2011,0.92
1/13/2011,0.91
1/14/2011,0.92
1/18/2011,0.92
1/19/2011,0.92
1/20/2011,0.92
1/21/2011,0.92
1/24/2011,0.92
1/25/2011,0.92
1/26/2011,0.92
1/27/2011,0.92
1/28/2011,0.93
1/31/2011,0.93
2/1/2011,0.93
2/2/2011,0.93
2/3/2011,0.93
2/4/2011,0.93
2/7/2011,0.93
2/8/2011,0.93
2/9/2011,0.93
2/10/2011,0.93
2/11/2011,0.93
2/14/2011,0.93
2/15/2011,0.93
2/16/2011,0.92
2/17/2011,0.92
2/18/2011,0.92
2/22/2011,0.93
2/23/2011,0.92
2/24/2011,0.92
2/25/2011,0.92
2/28/2011,0.92
3/1/2011,0.93
3/2/2011,0.93
3/3/2011,0.93
3/4/2011,0.93
3/7/2011,0.93
3/8/2011,0.93
3/9/2011,0.93
3/10/2011,0.93
3/11/2011,0.93
3/14/2011,0.93
3/15/2011,0.93
3/16/2011,0.93
3/17/2011,0.93
3/18/2011,0.93
3/21/2011,0.94
3/22/2011,0.94
3/23/2011,0.94
3/24/2011,0.94
3/25/2011,0.94
3/28/2011,0.94
3/29/2011,0.94
3/30/2011,0.94
3/31/2011,0.94
4/1/2011,0.94
4/4/2011,0.94
4/5/2011,0.94
4/6/2011,0.94
4/7/2011,0.94
4/8/2011,0.94
4/11/2011,0.94
4/12/2011,0.94
4/13/2011,0.94
4/14/2011,0.94
4/15/2011,0.94
4/18/2011,0.94
4/19/2011,0.94
4/20/2011,0.94
4/21/2011,0.94
4/25/2011,0.94
4/26/2011,0.95
4/27/2011,0.95
4/28/2011,0.95
4/29/2011,0.95
5/2/2011,0.95
5/3/2011,0.95
5/4/2011,0.95
5/5/2011,0.95
5/6/2011,0.95
5/9/2011,0.97
5/10/2011,0.97
5/11/2011,0.97
5/12/2011,0.97
5/13/2011,0.97
5/16/2011,0.98
5/17/2011,0.98
5/18/2011,0.98
5/19/2011,0.97
5/20/2011,0.98
5/23/2011,0.98
5/24/2011,0.98
5/25/2011,0.97
5/26/2011,0.97
5/27/2011,0.97
5/31/2011,0.97
6/1/2011,0.98
6/2/2011,0.97
6/3/2011,0.97
6/6/2011,0.96
6/7/2011,0.96
6/8/2011,0.96
6/9/2011,0.97
6/10/2011,0.96
6/13/2011,0.96
6/14/2011,0.96
6/15/2011,0.96
6/16/2011,0.96
6/17/2011,0.96
6/20/2011,0.96
6/21/2011,0.96
6/22/2011,0.96
6/23/2011,0.96
6/24/2011,0.96
6/27/2011,0.97
6/28/2011,0.97
6/29/2011,0.97
6/30/2011,0.97
7/1/2011,0.96
7/5/2011,0.96
7/6/2011,0.97
7/7/2011,0.97
7/8/2011,0.97
7/11/2011,0.97
7/12/2011,0.97
7/13/2011,0.97
7/14/2011,0.97
7/15/2011,0.97
7/18/2011,0.97
7/19/2011,0.98
7/20/2011,0.98
7/21/2011,0.98
7/22/2011,0.98
7/25/2011,0.98
7/26/2011,0.98
7/27/2011,0.98
7/28/2011,0.98
7/29/2011,0.98
8/1/2011,0.98
8/2/2011,0.98
8/3/2011,0.98
8/4/2011,0.98
8/5/2011,0.98
8/8/2011,0.99
8/9/2011,1
8/10/2011,1.02
8/11/2011,1.02
8/12/2011,1.02
8/15/2011,1.02
8/16/2011,1.02
8/17/2011,1.02
8/18/2011,1.02
8/19/2011,1.01
8/22/2011,1.01
8/23/2011,1.01
8/24/2011,1.01
8/25/2011,1.02
8/26/2011,1.02
8/29/2011,1.02
8/30/2011,1.02
8/31/2011,1.02
9/1/2011,1.03
9/2/2011,1.03
9/6/2011,1.03
9/7/2011,1.03
9/8/2011,1.03
9/9/2011,1.03
9/12/2011,1.03
9/13/2011,1.03
9/14/2011,1.03
9/15/2011,1.03
9/16/2011,1.03
9/19/2011,1.03
9/20/2011,1.03
9/21/2011,1.03
9/22/2011,1.03
9/23/2011,1.04
9/26/2011,1.04
9/27/2011,1.04
9/28/2011,1.04
9/29/2011,1.04
9/30/2011,1.04
10/3/2011,1.04
10/4/2011,1.05
10/5/2011,1.04
10/6/2011,1.04
10/7/2011,1.05
10/10/2011,1.04
10/11/2011,1.04
10/12/2011,1.04
10/13/2011,1.04
10/14/2011,1.04
10/17/2011,1.04
10/18/2011,1.04
10/19/2011,1.03
10/20/2011,1.03
10/21/2011,1.03
10/24/2011,1.03
10/25/2011,1.03
10/26/2011,1.03
10/27/2011,1.03
10/28/2011,1.03
10/31/2011,1.03
11/1/2011,1.03
11/2/2011,1.03
11/3/2011,1.03
11/4/2011,1.03
11/7/2011,1.03
11/8/2011,1.03
11/9/2011,1.04
11/10/2011,1.04
11/11/2011,1.04
11/14/2011,1.04
11/15/2011,1.04
11/16/2011,1.05
11/17/2011,1.05
11/18/2011,1.05
11/21/2011,1.05
11/22/2011,1.05
11/23/2011,1.05
11/25/2011,1.05
11/28/2011,1.04
11/29/2011,1.05
11/30/2011,1.05
12/1/2011,1.04
12/2/2011,1.04
12/5/2011,1.04
12/6/2011,1.05
12/7/2011,1.04
12/8/2011,1.05
12/9/2011,1.05
12/12/2011,1.05
12/13/2011,1.04
12/14/2011,1.05
12/15/2011,1.05
12/16/2011,1.05
12/19/2011,1.05
12/20/2011,1.04
12/21/2011,1.05
12/22/2011,1.05
12/23/2011,1.05
12/27/2011,1.05
12/28/2011,1.05
12/29/2011,1.05
12/30/2011,1.05
1/3/2012,1.05
1/4/2012,1.05
1/5/2012,1.05
1/6/2012,1.05
1/9/2012,1.05
1/10/2012,1.05
1/11/2012,1.05
1/12/2012,1.05
1/13/2012,1.05
1/17/2012,1.05
1/18/2012,1.05
1/19/2012,1.05
1/20/2012,1.05
1/23/2012,1.05
1/24/2012,1.05
1/25/2012,1.05
1/26/2012,1.05
1/27/2012,1.05
1/30/2012,1.05
1/31/2012,1.05
2/1/2012,1.05
2/2/2012,1.05
2/3/2012,1.05
2/6/2012,1.05
2/7/2012,1.05
2/8/2012,1.05
2/9/2012,1.05
2/10/2012,1.05
2/13/2012,1.05
2/14/2012,1.05
2/15/2012,1.05
2/16/2012,1.06
2/17/2012,1.06
2/21/2012,1.06
2/22/2012,1.06
2/23/2012,1.06
2/24/2012,1.06
2/27/2012,1.06
2/28/2012,1.06
2/29/2012,1.06
3/1/2012,1.06
3/2/2012,1.06
3/5/2012,1.06
3/6/2012,1.06
3/7/2012,1.06
3/8/2012,1.06
3/9/2012,1.06
3/12/2012,1.06
3/13/2012,1.06
3/14/2012,1.06
3/15/2012,1.06
3/16/2012,1.06
3/19/2012,1.06
3/20/2012,1.06
3/21/2012,1.06
3/22/2012,1.06
3/23/2012,1.06
3/26/2012,1.06
3/27/2012,1.06
3/28/2012,1.06
3/29/2012,1.06
3/30/2012,1.06
4/2/2012,1.06
4/3/2012,1.06
4/4/2012,1.06
4/5/2012,1.06
4/9/2012,1.06
4/10/2012,1.06
4/11/2012,1.06
4/12/2012,1.06
4/13/2012,1.06
4/16/2012,1.05
4/17/2012,1.05
4/18/2012,1.05
4/19/2012,1.05
4/20/2012,1.05
4/23/2012,1.05
4/24/2012,1.05
4/25/2012,1.04
4/26/2012,1.04
4/27/2012,1.04
4/30/2012,1.03
5/1/2012,1.03
5/2/2012,1.03
5/3/2012,1.03
5/4/2012,1.03
5/7/2012,1.04
5/8/2012,1.04
5/9/2012,1.04
5/10/2012,1.04
5/11/2012,1.03
5/14/2012,1.03
5/15/2012,1.03
5/16/2012,1.03
5/17/2012,1.03
5/18/2012,1.03
5/21/2012,1.03
5/22/2012,1.03
5/23/2012,1.03
5/24/2012,1.03
5/25/2012,1.03
5/29/2012,1.03
5/30/2012,1.03
5/31/2012,1.02
6/1/2012,1.02
6/4/2012,1.02
6/5/2012,1.02
6/6/2012,1.03
6/7/2012,1.03
6/8/2012,1.03
6/11/2012,1.03
6/12/2012,1.03
6/13/2012,1.03
6/14/2012,1.03
6/15/2012,1.03
6/18/2012,1.03
6/19/2012,1.03
6/20/2012,1.03
6/21/2012,1.03
6/22/2012,1.03
6/25/2012,1.03
6/26/2012,1.03
6/27/2012,1.03
6/28/2012,1.03
6/29/2012,1.03
7/2/2012,1.04
7/3/2012,1.04
7/5/2012,1.04
7/6/2012,1.04
7/9/2012,1.04
7/10/2012,1.04
7/11/2012,1.04
7/12/2012,1.04
7/13/2012,1.04
7/16/2012,1.04
7/17/2012,1.04
7/18/2012,1.04
7/19/2012,1.04
7/20/2012,1.04
7/23/2012,1.04
7/24/2012,1.04
7/25/2012,1.04
7/26/2012,1.04
7/27/2012,1.04
7/30/2012,1.04
7/31/2012,1.04
8/1/2012,1.04
8/2/2012,1.04
8/3/2012,1.05
8/6/2012,1.05
8/7/2012,1.04
8/8/2012,1.04
8/9/2012,1.03
8/10/2012,1.04
8/13/2012,1.04
8/14/2012,1.04
8/15/2012,1.04
8/16/2012,1.04
8/17/2012,1.04
8/20/2012,1.05
8/21/2012,1.05
8/22/2012,1.05
8/23/2012,1.05
8/24/2012,1.05
8/27/2012,1.05
8/28/2012,1.04
8/29/2012,1.04
8/30/2012,1.04
8/31/2012,1.04
9/4/2012,1.04
9/5/2012,1.04
9/6/2012,1.04
9/7/2012,1.04
9/10/2012,1.04
9/11/2012,1.04
9/12/2012,1.04
9/13/2012,1.04
9/14/2012,1.03
9/17/2012,1.04
9/18/2012,1.04
9/19/2012,1.03
9/20/2012,1.03
9/21/2012,1.03
9/24/2012,1.03
9/25/2012,1.03
9/26/2012,1.03
9/27/2012,1.03
9/28/2012,1.03
10/1/2012,1.03
10/2/2012,1.03
10/3/2012,1.03
10/4/2012,1.03
10/5/2012,1.02
10/8/2012,1.02
10/9/2012,1.03
10/10/2012,1.03
10/11/2012,1.03
10/12/2012,1.03
10/15/2012,1.03
10/16/2012,1.03
10/17/2012,1.03
10/18/2012,1.03
10/19/2012,1.03
10/22/2012,1.03
10/23/2012,1.03
10/24/2012,1.03
10/25/2012,1.03
10/26/2012,1.03
10/31/2012,1.03
11/1/2012,1.03
11/2/2012,1.03
11/5/2012,1.03
11/6/2012,1.03
11/7/2012,1.02
11/8/2012,1.02
11/9/2012,1.02
11/12/2012,1.01
11/13/2012,1.01
11/14/2012,1.01
11/15/2012,1.01
11/16/2012,1.01
11/19/2012,0.99
11/20/2012,0.99
11/21/2012,0.99
11/23/2012,0.99
11/26/2012,0.99
11/27/2012,0.99
11/28/2012,0.99
11/29/2012,0.99
11/30/2012,0.99
12/3/2012,0.98
12/4/2012,0.99
12/5/2012,0.98
12/6/2012,0.97
12/7/2012,0.97
12/10/2012,0.97
12/11/2012,0.97
12/12/2012,0.97
12/13/2012,0.97
12/14/2012,0.97
12/17/2012,0.96
12/18/2012,0.96
12/19/2012,0.96
12/20/2012,0.96
12/21/2012,0.96
12/24/2012,0.94
12/26/2012,0.95
12/27/2012,0.95
12/28/2012,0.95
12/31/2012,0.94
1/2/2013,0.95
1/3/2013,0.95
1/4/2013,0.94
1/7/2013,0.94
1/8/2013,0.94
1/9/2013,0.94
1/10/2013,0.94
1/11/2013,0.94
1/14/2013,0.94
1/15/2013,0.94
1/16/2013,0.94
1/17/2013,0.94
1/18/2013,0.94
1/22/2013,0.94
1/23/2013,0.93
1/24/2013,0.92
1/25/2013,0.92
1/28/2013,0.92
1/29/2013,0.92
1/30/2013,0.92
1/31/2013,0.92
2/1/2013,0.92
2/4/2013,0.92
2/5/2013,0.92
2/6/2013,0.92
2/7/2013,0.92
2/8/2013,0.92
2/11/2013,0.92
2/12/2013,0.92
2/13/2013,0.92
2/14/2013,0.92
2/15/2013,0.92
2/19/2013,0.92
2/20/2013,0.91
2/21/2013,0.91
2/22/2013,0.91
2/25/2013,0.91
2/26/2013,0.91
2/27/2013,0.91
2/28/2013,0.91
3/1/2013,0.91
3/4/2013,0.91
3/5/2013,0.91
3/6/2013,0.91
3/7/2013,0.91
3/8/2013,0.91
3/11/2013,0.91
3/12/2013,0.91
3/13/2013,0.91
3/14/2013,0.91
3/15/2013,0.91
3/18/2013,0.91
3/19/2013,0.91
3/20/2013,0.91
3/21/2013,0.92
3/22/2013,0.92
3/25/2013,0.92
3/26/2013,0.92
3/27/2013,0.92
3/28/2013,0.92
4/1/2013,0.92
4/2/2013,0.92
4/3/2013,0.92
4/4/2013,0.92
4/5/2013,0.92
4/8/2013,0.92
4/9/2013,0.92
4/10/2013,0.92
4/11/2013,0.92
4/12/2013,0.92
4/15/2013,0.92
4/16/2013,0.91
4/17/2013,0.91
4/18/2013,0.92
4/19/2013,0.92
4/22/2013,0.92
4/23/2013,0.92
4/24/2013,0.93
4/25/2013,0.93
4/26/2013,0.93
4/29/2013,0.95
4/30/2013,0.95
5/1/2013,0.95
5/2/2013,0.95
5/3/2013,0.95
5/6/2013,0.95
5/7/2013,0.95
5/8/2013,0.94
5/9/2013,0.94
5/10/2013,0.94
5/13/2013,0.94
5/14/2013,0.94
5/15/2013,0.94
5/16/2013,0.94
5/17/2013,0.94
5/20/2013,0.94
5/21/2013,0.94
5/22/2013,0.94
5/23/2013,0.95
5/24/2013,0.95
5/28/2013,0.95
5/29/2013,0.95
5/30/2013,0.95
5/31/2013,0.95
6/3/2013,0.95
6/4/2013,0.96
6/5/2013,0.95
6/6/2013,0.95
6/7/2013,0.96
6/10/2013,0.95
6/11/2013,0.95
6/12/2013,0.95
6/13/2013,0.94
6/14/2013,0.94
6/17/2013,0.94
6/18/2013,0.94
6/19/2013,0.93
6/20/2013,0.94
6/21/2013,0.94
6/24/2013,0.93
6/25/2013,0.93
6/26/2013,0.93
6/27/2013,0.93
6/28/2013,0.92
7/1/2013,0.92
7/2/2013,0.92
7/3/2013,0.91
7/5/2013,0.91
7/8/2013,0.91
7/9/2013,0.91
7/10/2013,0.9
7/11/2013,0.91
7/12/2013,0.91
7/15/2013,0.91
7/16/2013,0.91
7/17/2013,0.9
7/18/2013,0.9
7/19/2013,0.94
7/22/2013,0.93
7/23/2013,0.94
7/24/2013,0.93
7/25/2013,0.92
7/26/2013,0.92
7/29/2013,0.92
7/30/2013,0.92
7/31/2013,0.92
8/1/2013,0.91
8/2/2013,0.91
8/5/2013,0.91
8/6/2013,0.91
8/7/2013,0.9
8/8/2013,0.91
8/9/2013,0.9
8/12/2013,0.9
8/13/2013,0.9
8/14/2013,0.9
8/15/2013,0.9
8/16/2013,0.9
8/19/2013,0.9
8/20/2013,0.9
8/21/2013,0.9
8/22/2013,0.9
8/23/2013,0.91
8/26/2013,0.91
8/27/2013,0.92
8/28/2013,0.91
8/29/2013,0.92
8/30/2013,0.91
9/3/2013,0.91
9/4/2013,0.9
9/5/2013,0.9
9/6/2013,0.9
9/9/2013,0.9
9/10/2013,0.9
9/11/2013,0.89
9/12/2013,0.9
9/13/2013,0.9
9/16/2013,0.9
9/17/2013,0.9
9/18/2013,0.9
9/19/2013,0.9
9/20/2013,0.91
9/23/2013,0.91
9/24/2013,0.91
9/25/2013,0.91
9/26/2013,0.9
9/27/2013,0.9
9/30/2013,0.9
10/1/2013,0.9
10/2/2013,0.9
10/3/2013,0.9
10/4/2013,0.9
10/7/2013,0.9
10/8/2013,0.9
10/9/2013,0.9
10/10/2013,0.9
10/11/2013,0.9
10/14/2013,0.9
10/15/2013,0.9
10/16/2013,0.9
10/17/2013,0.9
10/18/2013,0.89
10/21/2013,0.89
10/22/2013,0.9
10/23/2013,0.9
10/24/2013,0.91
10/25/2013,0.92
10/28/2013,0.92
10/29/2013,0.92
10/30/2013,0.92
10/31/2013,0.92
11/1/2013,0.91
11/4/2013,0.92
11/5/2013,0.92
11/6/2013,0.93
11/7/2013,0.93
11/8/2013,0.93
11/11/2013,0.93
11/12/2013,0.93
11/13/2013,0.92
11/14/2013,0.92
11/15/2013,0.93
11/18/2013,0.93
11/19/2013,0.96
11/20/2013,0.96
11/21/2013,0.96
11/22/2013,0.95
11/25/2013,0.96
11/26/2013,0.95
11/27/2013,0.95
11/29/2013,0.95
12/2/2013,0.95
12/3/2013,0.95
12/4/2013,0.95
12/5/2013,0.96
12/6/2013,0.97
12/9/2013,0.97
12/10/2013,0.97
12/11/2013,0.97
12/12/2013,0.98
12/13/2013,0.98
12/16/2013,0.98
12/17/2013,0.98
12/18/2013,0.99
12/19/2013,0.99
12/20/2013,0.99
12/23/2013,0.98
12/24/2013,0.98
12/26/2013,0.98
12/27/2013,0.98
12/30/2013,0.98
12/31/2013,0.99
1/2/2014,0.98
1/3/2014,0.98
1/6/2014,0.98
1/7/2014,0.98
1/8/2014,0.98
1/9/2014,0.98
1/10/2014,0.99
1/13/2014,0.99
1/14/2014,1
1/15/2014,1.01
1/16/2014,1.01
1/17/2014,1.01
1/21/2014,1.01
1/22/2014,1.01
1/23/2014,1.02
1/24/2014,1.03
1/27/2014,1.03
1/28/2014,1.02
1/29/2014,1.01
1/30/2014,1.01
1/31/2014,1.01
2/3/2014,1.02
2/4/2014,1.01
2/5/2014,1.02
2/6/2014,1.02
2/7/2014,1.02
2/10/2014,1.02
2/11/2014,1.02
2/12/2014,1.02
2/13/2014,1.02
2/14/2014,1.02
2/18/2014,1.02
2/19/2014,1.02
2/20/2014,1.02
2/21/2014,1.02
2/24/2014,1.02
2/25/2014,1.02
2/26/2014,1.02
2/27/2014,1.02
2/28/2014,1.02
3/3/2014,1.02
3/4/2014,1.02
3/5/2014,1.03
3/6/2014,1.03
3/7/2014,1.03
3/10/2014,1.03
3/11/2014,1.03
3/12/2014,1.03
3/13/2014,1.03
3/14/2014,1.03
3/17/2014,1.03
3/18/2014,1.03
3/19/2014,1.04
3/20/2014,1.04
3/21/2014,1.03
3/24/2014,1.03
3/25/2014,1.02
3/26/2014,1.02
3/27/2014,1.02
3/28/2014,1.02
3/31/2014,1.03
4/1/2014,1.03
4/2/2014,1.03
4/3/2014,1.03
4/4/2014,1.03
4/7/2014,1.03
4/8/2014,1.03
4/9/2014,1.03
4/10/2014,1.02
4/11/2014,1.03
4/14/2014,1.03
4/15/2014,1.03
4/16/2014,1.05
4/17/2014,1.05
4/21/2014,1.05
4/22/2014,1.05
4/23/2014,1.06
4/24/2014,1.05
4/25/2014,1.04
4/28/2014,1.04
4/29/2014,1.04
4/30/2014,1.04
5/1/2014,1.05
5/2/2014,1.05
5/5/2014,1.05
5/6/2014,1.05
5/7/2014,1.05
5/8/2014,1.05
5/9/2014,1.05
5/12/2014,1.05
5/13/2014,1.05
5/14/2014,1.05
5/15/2014,1.05
5/16/2014,1.05
5/19/2014,1.05
5/20/2014,1.05
5/21/2014,1.05
5/22/2014,1.04
5/23/2014,1.04
5/27/2014,1.04
5/28/2014,1.03
5/29/2014,1.03
5/30/2014,1.04
6/2/2014,1.04
6/3/2014,1.03
6/4/2014,1.03
6/5/2014,1.04
6/6/2014,1.04
6/9/2014,1.03
6/10/2014,1.03
6/11/2014,1.03
6/12/2014,1.03
6/13/2014,1.04
6/16/2014,1.04
6/17/2014,1.04
6/18/2014,1.04
6/19/2014,1.04
6/20/2014,1.04
6/23/2014,1.03
6/24/2014,1.05
6/25/2014,1.05
6/26/2014,1.05
6/27/2014,1.05
6/30/2014,1.05
7/1/2014,1.05
7/2/2014,1.05
7/3/2014,1.05
7/7/2014,1.05
7/8/2014,1.05
7/9/2014,1.05
7/10/2014,1.05
7/11/2014,1.04
7/14/2014,1.04
7/15/2014,1.03
7/16/2014,1.04
7/17/2014,1.03
7/18/2014,1.02
7/21/2014,0.96
7/22/2014,0.96
7/23/2014,0.96
7/24/2014,0.96
7/25/2014,0.96
7/28/2014,0.96
7/29/2014,0.96
7/30/2014,0.96
7/31/2014,0.95
8/1/2014,0.96
8/4/2014,0.96
8/5/2014,0.96
8/6/2014,0.96
8/7/2014,0.96
8/8/2014,0.96
8/11/2014,0.96
8/12/2014,0.96
8/13/2014,0.96
8/14/2014,0.97
8/15/2014,0.96
8/18/2014,0.96
8/19/2014,0.96
8/20/2014,0.96
8/21/2014,0.96
8/22/2014,0.96
8/25/2014,0.95
8/26/2014,0.95
8/27/2014,0.94
8/28/2014,0.94
8/29/2014,0.94
9/2/2014,0.95
9/3/2014,0.95
9/4/2014,0.96
9/5/2014,0.96
9/8/2014,0.96
9/9/2014,0.95
9/10/2014,0.95
9/11/2014,0.95
9/12/2014,0.95
9/15/2014,0.95
9/16/2014,0.96
9/17/2014,0.96
9/18/2014,0.95
9/19/2014,0.95
9/22/2014,0.95
9/23/2014,0.95
9/24/2014,0.95
9/25/2014,0.95
9/26/2014,0.95
9/29/2014,0.95
9/30/2014,0.95
10/1/2014,0.95
10/2/2014,0.95
10/3/2014,0.95
10/6/2014,0.95
10/7/2014,0.95
10/8/2014,0.95
10/9/2014,0.96
10/10/2014,0.97
10/13/2014,0.96
10/14/2014,0.96
10/15/2014,0.96
10/16/2014,0.97
10/17/2014,0.97
10/20/2014,0.99
10/21/2014,0.99
10/22/2014,0.99
10/23/2014,0.98
10/24/2014,0.99
10/27/2014,0.99
10/28/2014,0.99
10/29/2014,0.99
10/30/2014,0.99
10/31/2014,0.99
11/3/2014,0.99
11/4/2014,0.99
11/5/2014,0.99
11/6/2014,0.98
11/7/2014,0.98
11/10/2014,0.98
11/11/2014,0.98
11/12/2014,0.98
11/13/2014,0.98
11/14/2014,0.97
11/17/2014,0.97
11/18/2014,0.97
11/19/2014,0.97
11/20/2014,0.97
11/21/2014,0.97
11/24/2014,0.96
11/25/2014,0.96
11/26/2014,0.97
11/28/2014,0.97
12/1/2014,0.95
12/2/2014,0.96
12/3/2014,0.95
12/4/2014,0.95
12/5/2014,0.95
12/8/2014,0.95
12/9/2014,0.95
12/10/2014,0.95
12/11/2014,0.95
12/12/2014,0.93
12/15/2014,0.93
12/16/2014,0.94
12/17/2014,0.94
12/18/2014,0.97
12/19/2014,0.97
12/22/2014,0.97
12/23/2014,0.97
12/24/2014,0.97
12/26/2014,0.97
12/29/2014,0.97
12/30/2014,0.97
12/31/2014,0.97
1/2/2015,0.98
1/5/2015,0.97
1/6/2015,0.97
1/7/2015,0.97
1/8/2015,0.97
1/9/2015,0.97
1/12/2015,0.97
1/13/2015,0.96
1/14/2015,0.96
1/15/2015,0.95
1/16/2015,0.96
1/20/2015,0.96
1/21/2015,0.96
1/22/2015,0.96
1/23/2015,0.96
1/26/2015,0.98
1/27/2015,1.02
1/28/2015,1.03
1/29/2015,1.04
1/30/2015,1.06
2/2/2015,1.06
2/3/2015,1.05
2/4/2015,1.05
2/5/2015,1.05
2/6/2015,1.05
2/9/2015,1.05
2/10/2015,1.05
2/11/2015,1.05
2/12/2015,1.04
2/13/2015,1.05
2/17/2015,1.05
2/18/2015,1.05
2/19/2015,1.05
2/20/2015,1.05
2/23/2015,1.05
2/24/2015,1.05
2/25/2015,1.05
2/26/2015,1.05
2/27/2015,1.05
3/2/2015,1.04
3/3/2015,1.04
3/4/2015,1.04
3/5/2015,1.04
3/6/2015,1.05
3/9/2015,1.05
3/10/2015,1.04
3/11/2015,1.04
3/12/2015,1.04
3/13/2015,1.04
3/16/2015,1.04
3/17/2015,1.04
3/18/2015,1.03
3/19/2015,1.03
3/20/2015,1.03
3/23/2015,1.03
3/24/2015,1.03
3/25/2015,1.03
3/26/2015,1.04
3/27/2015,1.04
3/30/2015,1.03
3/31/2015,1.03
4/1/2015,1.03
4/2/2015,1.03
4/6/2015,1.03
4/7/2015,1.03
4/8/2015,1.03
4/9/2015,1.03
4/10/2015,1.03
4/13/2015,1.03
4/14/2015,1.03
4/15/2015,1.03
4/16/2015,1.03
4/17/2015,1.03
4/20/2015,1.03
4/21/2015,1.03
4/22/2015,1.03
4/23/2015,1.03
4/24/2015,1.05
4/27/2015,1.06
4/28/2015,1.06
4/29/2015,1.06
4/30/2015,1.06
5/1/2015,1.05
5/4/2015,1.05
5/5/2015,1.05
5/6/2015,1.05
5/7/2015,1.05
5/8/2015,1.05
5/11/2015,1.05
5/12/2015,1.05
5/13/2015,1.05
5/14/2015,1.05
5/15/2015,1.05
5/18/2015,1.05
5/19/2015,1.06
5/20/2015,1.05
5/21/2015,1.05
5/22/2015,1.06
5/26/2015,1.05
5/27/2015,1.06
5/28/2015,1.06
5/29/2015,1.06
6/1/2015,1.06
6/2/2015,1.06
6/3/2015,1.06
6/4/2015,1.06
6/5/2015,1.05
6/8/2015,1.05
6/9/2015,1.05
6/10/2015,1.05
6/11/2015,1.05
6/12/2015,1.05
6/15/2015,1.05
6/16/2015,1.06
6/17/2015,1.06
6/18/2015,1.05
6/19/2015,1.05
6/22/2015,1.05
6/23/2015,1.05
6/24/2015,1.05
6/25/2015,1.05
6/26/2015,1.05
6/29/2015,1.05
6/30/2015,1.05
7/1/2015,1.05
7/2/2015,1.05
7/6/2015,1.05
7/7/2015,1.05
7/8/2015,1.04
7/9/2015,1.04
7/10/2015,1.03
7/13/2015,1.03
7/14/2015,1.03
7/15/2015,1.03
7/16/2015,1.03
7/17/2015,1.02
7/20/2015,1.02
7/21/2015,1.02
7/22/2015,1.03
7/23/2015,1.03
7/24/2015,1.02
7/27/2015,1.03
7/28/2015,1.03
7/29/2015,1.03
7/30/2015,1.03
7/31/2015,1.03
8/3/2015,1.03
8/4/2015,1.02
8/5/2015,1.02
8/6/2015,1.03
8/7/2015,1.03
8/10/2015,1.03
8/11/2015,1.03
8/12/2015,1.03
8/13/2015,1.03
8/14/2015,1.03
8/17/2015,1.03
8/18/2015,1.03
8/19/2015,1.03
8/20/2015,1.03
8/21/2015,1.03
8/24/2015,1.04
8/25/2015,1.04
8/26/2015,1.03
8/27/2015,1.03
8/28/2015,1.03
8/31/2015,1.03
9/1/2015,1.03
9/2/2015,1.03
9/3/2015,1.03
9/4/2015,1.03
9/8/2015,1.04
9/9/2015,1.04
9/10/2015,1.04
9/11/2015,1.04
9/14/2015,1.04
9/15/2015,1.04
9/16/2015,1.04
9/17/2015,1.04
9/18/2015,1.04
9/21/2015,1.04
9/22/2015,1.04
9/23/2015,1.04
9/24/2015,1.04
9/25/2015,1.04
9/28/2015,1.04
9/29/2015,1.04
9/30/2015,1.03
10/1/2015,1.03
10/2/2015,1.04
10/5/2015,1.04
10/6/2015,1.04
10/7/2015,1.04
10/8/2015,1.03
10/9/2015,1.03
10/12/2015,1.03
10/13/2015,1.03
10/14/2015,1.03
10/15/2015,1.03
10/16/2015,1.03
10/19/2015,1.03
10/20/2015,1.03
10/21/2015,1.03
10/22/2015,1.03
10/23/2015,1.05
10/26/2015,1.05
10/27/2015,1.05
10/28/2015,1.04
10/29/2015,1.04
10/30/2015,1.04
11/2/2015,1.04
11/3/2015,1.05
11/4/2015,1.05
11/5/2015,1.05
11/6/2015,1.05
11/9/2015,1.05
11/10/2015,1.05
11/11/2015,1.05
11/12/2015,1.05
11/13/2015,1.04
11/16/2015,1.04
11/17/2015,1.04
11/18/2015,1.04
11/19/2015,1.04
11/20/2015,1.04
11/23/2015,1.04
11/24/2015,1.04
11/25/2015,1.04
11/27/2015,1.05
11/30/2015,1.05
12/1/2015,1.05
12/2/2015,1.05
12/3/2015,1.06
12/4/2015,1.06
12/7/2015,1.06
12/8/2015,1.06
12/9/2015,1.06
12/10/2015,1.06
12/11/2015,1.06
12/14/2015,1.06
12/15/2015,1.07
12/16/2015,1.06
12/17/2015,1.06
12/18/2015,1.05
12/21/2015,1.05
12/22/2015,1.05
12/23/2015,1.05
12/24/2015,1.05
12/28/2015,1.05
12/29/2015,1.05
12/30/2015,1.05
12/31/2015,1.05
1/4/2016,1.05
1/5/2016,1.05
1/6/2016,1.05
1/7/2016,1.05
1/8/2016,1.05
1/11/2016,1.05
1/12/2016,1.05
1/13/2016,1.05
1/14/2016,1.05
1/15/2016,1.05
1/19/2016,1.05
1/20/2016,1.05
1/21/2016,1.05
1/22/2016,1.05
1/25/2016,1.05
1/26/2016,1.05
1/27/2016,1.02
1/28/2016,1.02
1/29/2016,1.02
2/1/2016,1.02
2/2/2016,1.02
2/3/2016,1.02
2/4/2016,1.02
2/5/2016,1.03
2/8/2016,1.03
2/9/2016,1.03
2/10/2016,1.03
2/11/2016,1.03
2/12/2016,1.04
2/16/2016,1.03
2/17/2016,1.03
2/18/2016,1.03
2/19/2016,1.03
2/22/2016,1.03
2/23/2016,1.03
2/24/2016,1.03
2/25/2016,1.04
2/26/2016,1.04
2/29/2016,1.04
3/1/2016,1.04
3/2/2016,1.04
3/3/2016,1.04
3/4/2016,1.04
3/7/2016,1.04
3/8/2016,1.04
3/9/2016,1.04
3/10/2016,1.04
3/11/2016,1.04
3/14/2016,1.04
3/15/2016,1.04
3/16/2016,1.04
3/17/2016,1.04
3/18/2016,1.04
3/21/2016,1.04
3/22/2016,1.04
3/23/2016,1.04
3/24/2016,1.04
3/28/2016,1.04
3/29/2016,1.04
3/30/2016,1.04
3/31/2016,1.04
4/1/2016,1.04
4/4/2016,1.04
4/5/2016,1.04
4/6/2016,1.04
4/7/2016,1.04
4/8/2016,1.04
4/11/2016,1.04
4/12/2016,1.04
4/13/2016,1.04
4/14/2016,1.04
4/15/2016,1.04
4/18/2016,1.04
4/19/2016,1.04
4/20/2016,1.04
4/21/2016,1.04
4/22/2016,1.05
4/25/2016,1.04
4/26/2016,1.04
4/27/2016,1.04
4/28/2016,1.04
4/29/2016,1.04
5/2/2016,1.05
5/3/2016,1.05
5/4/2016,1.05
5/5/2016,1.05
5/6/2016,1.05
5/9/2016,1.05
5/10/2016,1.05
5/11/2016,1.05
5/12/2016,1.05
5/13/2016,1.05
5/16/2016,1.05
5/17/2016,1.05
5/18/2016,1.05
5/19/2016,1.05
5/20/2016,1.05
5/23/2016,1.05
5/24/2016,1.05
5/25/2016,1.05
5/26/2016,1.05
5/27/2016,1.05
5/31/2016,1.05
6/1/2016,1.05
6/2/2016,1.05
6/3/2016,1.05
6/6/2016,1.05
6/7/2016,1.05
6/8/2016,1.05
6/9/2016,1.05
6/10/2016,1.05
6/13/2016,1.05
6/14/2016,1.05
6/15/2016,1.05
6/16/2016,1.05
6/17/2016,1.05
6/20/2016,1.05
6/21/2016,1.05
6/22/2016,1.05
6/23/2016,1.05
6/24/2016,1.05
6/27/2016,1.05
6/28/2016,1.05
6/29/2016,1.05
6/30/2016,1.05
7/1/2016,1.05
7/5/2016,1.05
7/6/2016,1.05
7/7/2016,1.06
7/8/2016,1.06
7/11/2016,1.06
7/12/2016,1.06
7/13/2016,1.06
7/14/2016,1.06
7/15/2016,1.06
7/18/2016,1.07
7/19/2016,1.07
7/20/2016,1.08
7/21/2016,1.08
7/22/2016,1.08
7/25/2016,1.08
7/26/2016,1.08
7/27/2016,1.07
7/28/2016,1.07
7/29/2016,1.07
8/1/2016,1.07
8/2/2016,1.07
8/3/2016,1.08
8/4/2016,1.08
8/5/2016,1.08
8/8/2016,1.08
8/9/2016,1.08
8/10/2016,1.08
8/11/2016,1.08
8/12/2016,1.08
8/15/2016,1.08
8/16/2016,1.08
8/17/2016,1.08
8/18/2016,1.08
8/19/2016,1.08
8/22/2016,1.08
8/23/2016,1.08
8/24/2016,1.07
8/25/2016,1.08
8/26/2016,1.09
8/29/2016,1.09
8/30/2016,1.09
8/31/2016,1.09
9/1/2016,1.09
9/2/2016,1.09
9/6/2016,1.09
9/7/2016,1.09
9/8/2016,1.08
9/9/2016,1.08
9/12/2016,1.08
9/13/2016,1.08
9/14/2016,1.08
9/15/2016,1.07
9/16/2016,1.07
9/19/2016,1.07
9/20/2016,1.07
9/21/2016,1.08
9/22/2016,1.08
9/23/2016,1.08
9/26/2016,1.08
9/27/2016,1.09
9/28/2016,1.09
9/29/2016,1.09
9/30/2016,1.09
10/3/2016,1.09
10/4/2016,1.09
10/5/2016,1.09
10/6/2016,1.09
10/7/2016,1.09
10/10/2016,1.09
10/11/2016,1.09
10/12/2016,1.09
10/13/2016,1.09
10/14/2016,1.09
10/17/2016,1.09
10/18/2016,1.09
10/19/2016,1.09
10/20/2016,1.09
10/21/2016,1.1
10/24/2016,1.08
10/25/2016,1.08
10/26/2016,1.08
10/27/2016,1.08
10/28/2016,1.08
10/31/2016,1.08
11/1/2016,1.08
11/2/2016,1.08
11/3/2016,1.08
11/4/2016,1.08
11/7/2016,1.08
11/8/2016,1.08
11/9/2016,1.08
11/10/2016,1.08
11/11/2016,1.08
11/14/2016,1.08
11/15/2016,1.08
11/16/2016,1.08
11/17/2016,1.08
11/18/2016,1.08
11/21/2016,1.08
11/22/2016,1.08
11/23/2016,1.08
11/25/2016,1.08
11/28/2016,1.08
11/29/2016,1.08
11/30/2016,1.08
12/1/2016,1.08
12/2/2016,1.08
12/5/2016,1.08
12/6/2016,1.08
12/7/2016,1.08
12/8/2016,1.08
12/9/2016,1.08
12/12/2016,1.08
12/13/2016,1.08
12/14/2016,1.08
12/15/2016,1.08
12/16/2016,1.08
12/19/2016,1.08
12/20/2016,1.08
12/21/2016,1.08
12/22/2016,1.08
12/23/2016,1.08
12/27/2016,1.08
12/28/2016,1.08
12/29/2016,1.08
12/30/2016,1.08
1/3/2017,1.08
1/4/2017,1.08
1/5/2017,1.09
1/6/2017,1.09
1/9/2017,1.09
1/10/2017,1.09
1/11/2017,1.1
1/12/2017,1.1
1/13/2017,1.1
1/17/2017,1.1
1/18/2017,1.1
1/19/2017,1.1
1/20/2017,1.11
1/23/2017,1.11
1/24/2017,1.11
1/25/2017,1.1
1/26/2017,1.11
1/27/2017,1.12
1/30/2017,1.11
1/31/2017,1.11
2/1/2017,1.09
2/2/2017,1.09
2/3/2017,1.09
2/6/2017,1.08
2/7/2017,1.08
2/8/2017,1.08
2/9/2017,1.08
2/10/2017,1.08
2/13/2017,1.08
2/14/2017,1.09
2/15/2017,1.08
2/16/2017,1.08
2/17/2017,1.08
2/21/2017,1.08
2/22/2017,1.08
2/23/2017,1.08
2/24/2017,1.07
2/27/2017,1.07
2/28/2017,1.07
3/1/2017,1.07
3/2/2017,1.07
3/3/2017,1.07
3/6/2017,1.07
3/7/2017,1.07
3/8/2017,1.08
3/9/2017,1.07
3/10/2017,1.07
3/13/2017,1.07
3/14/2017,1.07
3/15/2017,1.07
3/16/2017,1.07
3/17/2017,1.07
3/20/2017,1.07
3/21/2017,1.06
3/22/2017,1.06
3/23/2017,1.06
3/24/2017,1.06
3/27/2017,1.06
3/28/2017,1.06
3/29/2017,1.06
3/30/2017,1.06
3/31/2017,1.06
4/3/2017,1.07
4/4/2017,1.06
4/5/2017,1.06
4/6/2017,1.06
4/7/2017,1.06
4/10/2017,1.06
4/11/2017,1.06
4/12/2017,1.06
4/13/2017,1.06
4/17/2017,1.06
4/18/2017,1.06
4/19/2017,1.06
4/20/2017,1.06
4/21/2017,1.06
4/24/2017,1.03
4/25/2017,1.03
4/26/2017,1.03
4/27/2017,1.03
4/28/2017,1.03
5/1/2017,1.03
5/2/2017,1.03
5/3/2017,1.03
5/4/2017,1.03
5/5/2017,1.03
5/8/2017,1.02
5/9/2017,1.02
5/10/2017,1.02
5/11/2017,1.03
5/12/2017,1.03
5/15/2017,1.03
5/16/2017,1.03
5/17/2017,1.03
5/18/2017,1.02
5/19/2017,1.02
5/22/2017,1.03
5/23/2017,1.03
5/24/2017,1.02
5/25/2017,1.02
5/26/2017,1.02
5/30/2017,1.02
5/31/2017,1.03
6/1/2017,1.03
6/2/2017,1.03
6/5/2017,1.03
6/6/2017,1.02
6/7/2017,1.02
6/8/2017,1.02
6/9/2017,1.02
6/12/2017,1.02
6/13/2017,1.02
6/14/2017,1.02
6/15/2017,1.02
6/16/2017,1.01
6/19/2017,1.02
6/20/2017,1.02
6/21/2017,1.02
6/22/2017,1.01
6/23/2017,1.01
6/26/2017,1.02
6/27/2017,1.01
6/28/2017,1.01
6/29/2017,1
6/30/2017,0.99
7/3/2017,1
7/5/2017,1
7/6/2017,1
7/7/2017,1
7/10/2017,1
7/11/2017,1
7/12/2017,1
7/13/2017,1
7/14/2017,1.01
7/17/2017,1.01
7/18/2017,1.01
7/19/2017,1.01
7/20/2017,0.99
7/21/2017,0.99
7/24/2017,0.99
7/25/2017,0.99
7/26/2017,0.99
7/27/2017,1
7/28/2017,1
7/31/2017,1
8/1/2017,1
8/2/2017,1
8/3/2017,0.99
8/4/2017,0.99
8/7/2017,0.99
8/8/2017,0.99
8/9/2017,0.99
8/10/2017,0.99
8/11/2017,0.99
8/14/2017,0.99
8/15/2017,0.99
8/16/2017,0.98
8/17/2017,0.98
8/18/2017,0.98
8/21/2017,0.98
8/22/2017,0.98
8/23/2017,0.98
8/24/2017,0.98
8/25/2017,0.98
8/28/2017,0.98
8/29/2017,0.98
8/30/2017,0.99
8/31/2017,0.99
9/1/2017,0.99
9/5/2017,0.98
9/6/2017,0.98
9/7/2017,0.99
9/8/2017,0.98
9/11/2017,0.99
9/12/2017,0.99
9/13/2017,0.99
9/14/2017,0.99
9/15/2017,0.99
9/18/2017,0.99
9/19/2017,0.99
9/20/2017,0.99
9/21/2017,0.98
9/22/2017,0.99
9/25/2017,0.99
9/26/2017,0.99
9/27/2017,0.98
9/28/2017,0.98
9/29/2017,0.98
10/2/2017,0.98
10/3/2017,0.98
10/4/2017,0.98
10/5/2017,0.98
10/6/2017,0.98
10/9/2017,0.98
10/10/2017,0.98
10/11/2017,0.98
10/12/2017,0.97
10/13/2017,0.98
10/16/2017,0.97
10/17/2017,0.97
10/18/2017,0.97
10/19/2017,0.97
10/20/2017,0.97
10/23/2017,0.96
10/24/2017,0.95
10/25/2017,0.95
10/26/2017,0.95
10/27/2017,0.98
10/30/2017,0.98
10/31/2017,0.98
11/1/2017,0.98
11/2/2017,0.98
11/3/2017,0.98
11/6/2017,0.98
11/7/2017,0.98
11/8/2017,0.98
11/9/2017,0.98
11/10/2017,0.98
11/13/2017,0.98
11/14/2017,0.98
11/15/2017,0.98
11/16/2017,0.98
11/17/2017,0.97
11/20/2017,0.97
11/21/2017,0.97
11/22/2017,0.97
11/24/2017,0.97
11/27/2017,0.97
11/28/2017,0.97
11/29/2017,0.97
11/30/2017,0.97
12/1/2017,0.96
12/4/2017,0.99
12/5/2017,0.99
12/6/2017,0.99
12/7/2017,0.98
12/8/2017,0.99
12/11/2017,0.99
12/12/2017,0.99
12/13/2017,0.99
12/14/2017,0.99
12/15/2017,0.99
12/18/2017,0.98
12/19/2017,0.98
12/20/2017,0.98
12/21/2017,0.98
12/22/2017,0.98
12/26/2017,0.98
12/27/2017,0.98
12/28/2017,0.98
12/29/2017,0.98
1/2/2018,0.97
1/3/2018,0.97
1/4/2018,0.97
1/5/2018,0.97
1/8/2018,0.97
1/9/2018,0.97
1/10/2018,0.97
1/11/2018,0.97
1/12/2018,0.97
1/16/2018,0.98
1/17/2018,0.98
1/18/2018,0.98
1/19/2018,0.98
1/22/2018,0.98
1/23/2018,0.98
1/24/2018,0.97
1/25/2018,0.98
1/26/2018,0.98
1/29/2018,0.98
1/30/2018,0.98
1/31/2018,0.99
2/1/2018,1
2/2/2018,0.99
2/5/2018,0.98
2/6/2018,0.98
2/7/2018,0.98
2/8/2018,1
2/9/2018,1.01
2/12/2018,1
2/13/2018,1
2/14/2018,1
2/15/2018,1
2/16/2018,1
2/20/2018,1
2/21/2018,1
2/22/2018,1
2/23/2018,1.01
2/26/2018,1
2/27/2018,1
2/28/2018,1
3/1/2018,1
3/2/2018,0.99
3/5/2018,0.99
3/6/2018,0.99
3/7/2018,1
3/8/2018,1
3/9/2018,0.99
3/12/2018,0.99
3/13/2018,1
3/14/2018,1
3/15/2018,1
3/16/2018,1
3/19/2018,0.99
3/20/2018,0.99
3/21/2018,0.99
3/22/2018,0.99
3/23/2018,0.99
3/26/2018,1.02
3/27/2018,1.03
3/28/2018,1.03
3/29/2018,1.03
4/2/2018,1.03
4/3/2018,1.03
4/4/2018,1.04
4/5/2018,1.03
4/6/2018,1.03
4/9/2018,1.03
4/10/2018,1.03
4/11/2018,1.03
4/12/2018,1.03
4/13/2018,1.03
4/16/2018,1.03
4/17/2018,1.03
4/18/2018,1.03
4/19/2018,1.03
4/20/2018,1.03
4/23/2018,1.03
4/24/2018,1.03
4/25/2018,1.03
4/26/2018,1.03
4/27/2018,1.03
4/30/2018,1.03
5/1/2018,1.03
5/2/2018,1.03
5/3/2018,1.03
5/4/2018,1.02
5/7/2018,1.02
5/8/2018,1.02
5/9/2018,1.02
5/10/2018,1.02
5/11/2018,1.02
5/14/2018,1.02
5/15/2018,1.02
5/16/2018,1.02
5/17/2018,1.02
5/18/2018,1.02
5/21/2018,1.02
5/22/2018,1.02
5/23/2018,1.02
5/24/2018,1.02
5/25/2018,1.02
5/29/2018,1.02
5/30/2018,1.02
5/31/2018,1.02
6/1/2018,1.02
6/4/2018,1.02
6/5/2018,1.02
6/6/2018,1.02
6/7/2018,1.02
6/8/2018,1.02
6/11/2018,1.02
6/12/2018,1.02
6/13/2018,1.02
6/14/2018,1.02
6/15/2018,1.02
6/18/2018,1.02
6/19/2018,1.02
6/20/2018,1.02
6/21/2018,1.02
6/22/2018,1.02
6/25/2018,1.02
6/26/2018,1.02
6/27/2018,1.02
6/28/2018,1.02
6/29/2018,1.02
7/2/2018,1.02
7/3/2018,1.02
7/5/2018,1.02
7/6/2018,1.02
7/9/2018,1.02
7/10/2018,1.02
7/11/2018,1.02
7/12/2018,1.02
7/13/2018,1.02
7/16/2018,1.02
7/17/2018,1.02
7/18/2018,1.02
7/19/2018,1.02
7/20/2018,1.02
7/23/2018,1.02
7/24/2018,1.02
7/25/2018,1.02
7/26/2018,1.02
7/27/2018,1.02
7/30/2018,1.02
7/31/2018,1.02
8/1/2018,1.02
8/2/2018,1.02
8/3/2018,1.02
8/6/2018,1.02
8/7/2018,1.02
8/8/2018,1.02
8/9/2018,1.02
8/10/2018,1.02
8/13/2018,1.02
8/14/2018,1.03
8/15/2018,1.03
8/16/2018,1.03
8/17/2018,1.03
8/20/2018,1.03
8/21/2018,1.03
8/22/2018,1.03
8/23/2018,1.03
8/24/2018,1.03
8/27/2018,1.03
8/28/2018,1.03
8/29/2018,1.03
8/30/2018,1.03
8/31/2018,1.03
9/4/2018,1.03
9/5/2018,1.04
9/6/2018,1.03
9/7/2018,1.03
9/10/2018,1.04
9/11/2018,1.04
9/12/2018,1.04
9/13/2018,1.03
